Title,Skills
Cloud Developer,C#node jsJavaC++CPaaSNodeIaas
Java and Cloud Developer,Core JavaCloudMicroservicesIT SkillsJavaDevOpsAWSGCP
SAP Analytics Cloud Development Application Developer,OData ServicesSAP Analytics Cloud DevelopmentcommunicationBWMicrosoft ExcelSAP HANASAPdata modeling
Salesforce Service Cloud Developer,communicationagile methodologiesanalyticalSFDC Service CloudSalesforceProject life cycledebuggingIT Skills
SAP Analytics Cloud Development Application Developer,IT SkillsCloudSAPBusiness processCVSData modelingConsultingSAP BW
SAP Analytics Cloud Development Application Developer,written communicationSAP Analytics Cloud DevelopmentSAPSAP SACSAP BWanalyticalcommunicationJavaScript
Google Cloud Development Services Application Developer,Business processNoSQLRDBMScassandraMySQLConsultingJavascriptMongoDB
Hiring For Informatica Cloud Developer,redshiftCDQglue Unix scriptingAurora DBAWS cloud experiences3SQLanalyticalIT Skills
Application Developer: AWS Cloud Migration,IT SkillsCloudDevOpsAWSAzureVMwareAutomationKVM
Application Developer: AWS Cloud Microservices,HibernateAutomationInterpersonal skillsConfiguration managementCloudApplication developmentAWSMonitoring
Application Developer: AWS Cloud Modernization,TranslationECSdevopsPAASCloudAgileManager TechnologyManagement
Application Developer: AWS Cloud Microservices,IT SkillsJavaCloudAWSHibernateAutomationRDBMSConfiguration management
SAP Analytics Cloud Development Application Developer,communicationSAP Analytics Cloud DevelopmentIT SkillsCloudSAPBusiness processTechnical designConsulting
SAP Analytics Cloud Development Application Developer,Business processSAPTechnical designConsultingSystem integrationBusiness strategyUnit testingUser acceptance testing
Google Cloud Development Services Application Developer,IT SkillsPythonCloudDevOpsJavascriptBig DataJenkinsBusiness process
Application Developer: AWS Cloud Modernization,TranslationECSdevopsPAASCloudAgileManager TechnologyManagement
SAP Analytics Cloud Development Application Developer,Oracle SQLSAP Analytics CloudverbalcommunicationwrittenAnalyticaldata modellingSAP BusinessObjects
Application Developer: Azure Cloud Migration,IT SkillsCloudDevOpsAzureMavenInterpersonal skillsCreative designingAgile
Application Developer: Azure Cloud Modernization,IT SkillsCloudAzureSolution designTranslationData managementArchitecturePAAS
Application Developer: AWS Cloud Modernization,DevOpsAWS CloudcommunicationIT SkillsCloudAWSTranslationECS
Title,Skills
Cloud Developer,C#node jsJavaC++CPaaSNodeIaas
Java and Cloud Developer,Core JavaCloudMicroservicesIT SkillsJavaDevOpsAWSGCP
SAP Analytics Cloud Development Application Developer,OData ServicesSAP Analytics Cloud DevelopmentcommunicationBWMicrosoft ExcelSAP HANASAPdata modeling
Salesforce Service Cloud Developer,communicationagile methodologiesanalyticalSFDC Service CloudSalesforceProject life cycledebuggingIT Skills
SAP Analytics Cloud Development Application Developer,IT SkillsCloudSAPBusiness processCVSData modelingConsultingSAP BW
SAP Analytics Cloud Development Application Developer,written communicationSAP Analytics Cloud DevelopmentSAPSAP SACSAP BWanalyticalcommunicationJavaScript
Google Cloud Development Services Application Developer,Business processNoSQLRDBMScassandraMySQLConsultingJavascriptMongoDB
Hiring For Informatica Cloud Developer,redshiftCDQglue Unix scriptingAurora DBAWS cloud experiences3SQLanalyticalIT Skills
Application Developer: AWS Cloud Migration,IT SkillsCloudDevOpsAWSAzureVMwareAutomationKVM
Application Developer: AWS Cloud Microservices,HibernateAutomationInterpersonal skillsConfiguration managementCloudApplication developmentAWSMonitoring
Application Developer: AWS Cloud Modernization,TranslationECSdevopsPAASCloudAgileManager TechnologyManagement
Application Developer: AWS Cloud Microservices,IT SkillsJavaCloudAWSHibernateAutomationRDBMSConfiguration management
SAP Analytics Cloud Development Application Developer,communicationSAP Analytics Cloud DevelopmentIT SkillsCloudSAPBusiness processTechnical designConsulting
SAP Analytics Cloud Development Application Developer,Business processSAPTechnical designConsultingSystem integrationBusiness strategyUnit testingUser acceptance testing
Google Cloud Development Services Application Developer,IT SkillsPythonCloudDevOpsJavascriptBig DataJenkinsBusiness process
Application Developer: AWS Cloud Modernization,TranslationECSdevopsPAASCloudAgileManager TechnologyManagement
SAP Analytics Cloud Development Application Developer,Oracle SQLSAP Analytics CloudverbalcommunicationwrittenAnalyticaldata modellingSAP BusinessObjects
Application Developer: Azure Cloud Migration,IT SkillsCloudDevOpsAzureMavenInterpersonal skillsCreative designingAgile
Application Developer: Azure Cloud Modernization,IT SkillsCloudAzureSolution designTranslationData managementArchitecturePAAS
Application Developer: AWS Cloud Modernization,DevOpsAWS CloudcommunicationIT SkillsCloudAWSTranslationECS
Title,Skills
Cloud Developer,C#node jsJavaC++CPaaSNodeIaas
Java and Cloud Developer,Core JavaCloudMicroservicesIT SkillsJavaDevOpsAWSGCP
SAP Analytics Cloud Development Application Developer,OData ServicesSAP Analytics Cloud DevelopmentcommunicationBWMicrosoft ExcelSAP HANASAPdata modeling
Salesforce Service Cloud Developer,communicationagile methodologiesanalyticalSFDC Service CloudSalesforceProject life cycledebuggingIT Skills
SAP Analytics Cloud Development Application Developer,IT SkillsCloudSAPBusiness processCVSData modelingConsultingSAP BW
SAP Analytics Cloud Development Application Developer,written communicationSAP Analytics Cloud DevelopmentSAPSAP SACSAP BWanalyticalcommunicationJavaScript
Google Cloud Development Services Application Developer,Business processNoSQLRDBMScassandraMySQLConsultingJavascriptMongoDB
Hiring For Informatica Cloud Developer,redshiftCDQglue Unix scriptingAurora DBAWS cloud experiences3SQLanalyticalIT Skills
Application Developer: AWS Cloud Migration,IT SkillsCloudDevOpsAWSAzureVMwareAutomationKVM
Application Developer: AWS Cloud Microservices,HibernateAutomationInterpersonal skillsConfiguration managementCloudApplication developmentAWSMonitoring
Application Developer: AWS Cloud Modernization,TranslationECSdevopsPAASCloudAgileManager TechnologyManagement
Application Developer: AWS Cloud Microservices,IT SkillsJavaCloudAWSHibernateAutomationRDBMSConfiguration management
SAP Analytics Cloud Development Application Developer,communicationSAP Analytics Cloud DevelopmentIT SkillsCloudSAPBusiness processTechnical designConsulting
SAP Analytics Cloud Development Application Developer,Business processSAPTechnical designConsultingSystem integrationBusiness strategyUnit testingUser acceptance testing
Google Cloud Development Services Application Developer,IT SkillsPythonCloudDevOpsJavascriptBig DataJenkinsBusiness process
Application Developer: AWS Cloud Modernization,TranslationECSdevopsPAASCloudAgileManager TechnologyManagement
SAP Analytics Cloud Development Application Developer,Oracle SQLSAP Analytics CloudverbalcommunicationwrittenAnalyticaldata modellingSAP BusinessObjects
Application Developer: Azure Cloud Migration,IT SkillsCloudDevOpsAzureMavenInterpersonal skillsCreative designingAgile
Application Developer: Azure Cloud Modernization,IT SkillsCloudAzureSolution designTranslationData managementArchitecturePAAS
Application Developer: AWS Cloud Modernization,DevOpsAWS CloudcommunicationIT SkillsCloudAWSTranslationECS
